{
  "origin": {
    "50": {
      "basic": {
        "RUB": {
          "price": 30000,
          "overdraft": 600,
          "asia": { "price": 36000, "overdraft": 720 }
        },
        "USD": {
          "asia": { "price": 450, "overdraft": 9 },
          "price": 350,
          "overdraft": 7
        }
      },
      "optimal": {
        "USD": {
          "asia": { "price": 650, "overdraft": 13 },
          "price": 520,
          "overdraft": 10.4
        },
        "RUB": {
          "asia": { "price": 52000, "overdraft": 1040 },
          "price": 47000,
          "overdraft": 940
        }
      }
    },
    "100": {
      "optimal": {
        "USD": {
          "asia": { "price": 1000, "overdraft": 10 },
          "price": 780,
          "overdraft": 7.8
        },
        "RUB": {
          "asia": { "price": 95000, "overdraft": 950 },
          "price": 87000,
          "overdraft": 870
        }
      },
      "basic": {
        "USD": {
          "asia": { "price": 750, "overdraft": 7.5 },
          "price": 500,
          "overdraft": 5
        },
        "RUB": {
          "asia": { "price": 60000, "overdraft": 600 },
          "price": 53000,
          "overdraft": 530
        }
      }
    },
    "200": {
      "optimal": {
        "USD": {
          "asia": { "price": 1500, "overdraft": 7.5 },
          "price": 1000,
          "overdraft": 5
        },
        "RUB": {
          "asia": { "price": 125000, "overdraft": 625 },
          "price": 115000,
          "overdraft": 575
        }
      },
      "basic": {
        "USD": {
          "asia": { "price": 1000, "overdraft": 5 },
          "price": 660,
          "overdraft": 3.3
        },
        "RUB": {
          "asia": { "price": 80000, "overdraft": 400 },
          "price": 75000,
          "overdraft": 375
        }
      }
    },
    "300": {
      "optimal": {
        "USD": {
          "asia": { "price": 1800, "overdraft": 6 },
          "price": 1300,
          "overdraft": 4.34
        },
        "RUB": {
          "asia": { "price": 144000, "overdraft": 480 },
          "price": 140000,
          "overdraft": 467
        }
      },
      "basic": {
        "USD": {
          "asia": { "price": 1250, "overdraft": 4.17 },
          "price": 760,
          "overdraft": 2.54
        },
        "RUB": {
          "asia": { "price": 100200, "overdraft": 334 },
          "price": 86000,
          "overdraft": 287
        }
      }
    },
    "400": {
      "optimal": {
        "USD": {
          "asia": { "price": 2100, "overdraft": 5.25 },
          "price": 1550,
          "overdraft": 3.88
        },
        "RUB": {
          "asia": { "price": 168000, "overdraft": 420 },
          "price": 153000,
          "overdraft": 383
        }
      },
      "basic": {
        "USD": {
          "asia": { "price": 1450, "overdraft": 3.63 },
          "price": 850,
          "overdraft": 2.13
        },
        "RUB": {
          "asia": { "price": 116000, "overdraft": 290 },
          "price": 99000,
          "overdraft": 248
        }
      }
    },
    "500": {
      "optimal": {
        "USD": {
          "asia": { "price": 2450, "overdraft": 4.9 },
          "price": 1700,
          "overdraft": 3.4
        },
        "RUB": {
          "asia": { "price": 196000, "overdraft": 392 },
          "price": 173000,
          "overdraft": 346
        }
      },
      "basic": {
        "USD": {
          "asia": { "price": 1650, "overdraft": 3.3 },
          "price": 920,
          "overdraft": 1.84
        },
        "RUB": {
          "asia": { "price": 132000, "overdraft": 264 },
          "price": 110000,
          "overdraft": 220
        }
      }
    },
    "600": {
      "optimal": {
        "USD": {
          "asia": { "price": 2800, "overdraft": 3.11 },
          "price": 1850,
          "overdraft": 3.09
        },
        "RUB": {
          "asia": { "price": 225000, "overdraft": 375 },
          "price": 195000,
          "overdraft": 325
        }
      },
      "basic": {
        "USD": {
          "asia": { "price": 1900, "overdraft": 3.17 },
          "price": 1035,
          "overdraft": 1.73
        },
        "RUB": {
          "asia": { "price": 152400, "overdraft": 254 },
          "price": 123000,
          "overdraft": 205
        }
      }
    },
    "700": {
      "optimal": {
        "USD": {
          "asia": { "price": 3220, "overdraft": 4.6 },
          "price": 2000,
          "overdraft": 2.86
        },
        "RUB": {
          "asia": { "price": 257600, "overdraft": 368 },
          "price": 225000,
          "overdraft": 321
        }
      },
      "basic": {
        "USD": {
          "asia": { "price": 2165, "overdraft": 3.09 },
          "price": 1070,
          "overdraft": 1.53
        },
        "RUB": {
          "asia": { "price": 173600, "overdraft": 248 },
          "price": 140000,
          "overdraft": 200
        }
      }
    },
    "800": {
      "optimal": {
        "USD": {
          "asia": { "price": 3650, "overdraft": 4.56 },
          "price": 2100,
          "overdraft": 2.63
        },
        "RUB": {
          "asia": { "price": 292000, "overdraft": 365 },
          "price": 245000,
          "overdraft": 307
        }
      },
      "basic": {
        "USD": {
          "asia": { "price": 2445, "overdraft": 3.06 },
          "price": 1160,
          "overdraft": 1.45
        },
        "RUB": {
          "asia": { "price": 196000, "overdraft": 245 },
          "price": 153000,
          "overdraft": 192
        }
      }
    },
    "900": {
      "optimal": {
        "USD": {
          "asia": { "price": 4075, "overdraft": 4.53 },
          "price": 2200,
          "overdraft": 2.45
        },
        "RUB": {
          "asia": { "price": 326700, "overdraft": 363 },
          "price": 265000,
          "overdraft": 295
        }
      },
      "basic": {
        "USD": {
          "asia": { "price": 2740, "overdraft": 3.04 },
          "price": 1240,
          "overdraft": 1.38
        },
        "RUB": {
          "asia": { "price": 218700, "overdraft": 243 },
          "price": 165000,
          "overdraft": 184
        }
      }
    },
    "1000": {
      "optimal": {
        "USD": {
          "price": 2300,
          "overdraft": 2.3,
          "asia": { "price": 4500, "overdraft": 4.5 }
        },
        "RUB": {
          "asia": { "price": 360000, "overdraft": 360 },
          "price": 280000,
          "overdraft": 280
        }
      },
      "basic": {
        "USD": {
          "asia": { "price": 3000, "overdraft": 3 },
          "price": 1300,
          "overdraft": 1.3
        },
        "RUB": {
          "asia": { "price": 240000, "overdraft": 240 },
          "price": 180000,
          "overdraft": 180
        }
      }
    }
  },
  "onDemand": {
    "100": {
      "basic": {
        "RUB": {
          "price": 5000,
          "overdraft": 2500,
          "asia": { "price": 16000, "overdraft": 8000 }
        },
        "USD": {
          "price": 40,
          "overdraft": 20,
          "asia": { "price": 200, "overdraft": 100 }
        }
      },
      "optimal": {
        "RUB": {
          "price": 8000,
          "overdraft": 4000,
          "asia": { "price": 24000, "overdraft": 12000 }
        },
        "USD": {
          "price": 60,
          "overdraft": 30,
          "asia": { "price": 300, "overdraft": 150 }
        }
      }
    },
    "200": {
      "basic": {
        "RUB": {
          "price": 10000,
          "overdraft": 5000,
          "asia": { "price": 32000, "overdraft": 16000 }
        },
        "USD": {
          "price": 80,
          "overdraft": 40,
          "asia": { "price": 400, "overdraft": 200 }
        }
      },
      "optimal": {
        "RUB": {
          "price": 16000,
          "overdraft": 8000,
          "asia": { "price": 48000, "overdraft": 24000 }
        },
        "USD": {
          "price": 120,
          "overdraft": 60,
          "asia": { "price": 600, "overdraft": 300 }
        }
      }
    },
    "300": {
      "basic": {
        "RUB": {
          "price": 15000,
          "overdraft": 7500,
          "asia": { "price": 48000, "overdraft": 24000 }
        },
        "USD": {
          "price": 120,
          "overdraft": 60,
          "asia": { "price": 600, "overdraft": 300 }
        }
      },
      "optimal": {
        "RUB": {
          "price": 24000,
          "overdraft": 12000,
          "asia": { "price": 72000, "overdraft": 36000 }
        },
        "USD": {
          "price": 180,
          "overdraft": 90,
          "asia": { "price": 900, "overdraft": 450 }
        }
      }
    },
    "400": {
      "basic": {
        "RUB": {
          "price": 20000,
          "overdraft": 10000,
          "asia": { "price": 64000, "overdraft": 32000 }
        },
        "USD": {
          "price": 160,
          "overdraft": 80,
          "asia": { "price": 800, "overdraft": 400 }
        }
      },
      "optimal": {
        "RUB": {
          "price": 32000,
          "overdraft": 16000,
          "asia": { "price": 96000, "overdraft": 48000 }
        },
        "USD": {
          "price": 240,
          "overdraft": 120,
          "asia": { "price": 1200, "overdraft": 600 }
        }
      }
    },
    "500": {
      "basic": {
        "RUB": {
          "price": 25000,
          "overdraft": 12500,
          "asia": { "price": 80000, "overdraft": 40000 }
        },
        "USD": {
          "price": 200,
          "overdraft": 100,
          "asia": { "price": 1000, "overdraft": 500 }
        }
      },
      "optimal": {
        "RUB": {
          "price": 40000,
          "overdraft": 20000,
          "asia": { "price": 120000, "overdraft": 60000 }
        },
        "USD": {
          "price": 300,
          "overdraft": 150,
          "asia": { "price": 1500, "overdraft": 750 }
        }
      }
    },
    "600": {
      "basic": {
        "RUB": {
          "price": 30000,
          "overdraft": 15000,
          "asia": { "price": 96000, "overdraft": 48000 }
        },
        "USD": {
          "price": 240,
          "overdraft": 120,
          "asia": { "price": 1200, "overdraft": 600 }
        }
      },
      "optimal": {
        "RUB": {
          "price": 48000,
          "overdraft": 24000,
          "asia": { "price": 144000, "overdraft": 72000 }
        },
        "USD": {
          "price": 360,
          "overdraft": 180,
          "asia": { "price": 1800, "overdraft": 900 }
        }
      }
    },
    "700": {
      "basic": {
        "RUB": {
          "price": 35000,
          "overdraft": 17500,
          "asia": { "price": 112000, "overdraft": 56000 }
        },
        "USD": {
          "price": 280,
          "overdraft": 140,
          "asia": { "price": 1400, "overdraft": 700 }
        }
      },
      "optimal": {
        "RUB": {
          "price": 56000,
          "overdraft": 28000,
          "asia": { "price": 168000, "overdraft": 84000 }
        },
        "USD": {
          "price": 420,
          "overdraft": 210,
          "asia": { "price": 2100, "overdraft": 1050 }
        }
      }
    },
    "800": {
      "basic": {
        "RUB": {
          "price": 40000,
          "overdraft": 20000,
          "asia": { "price": 128000, "overdraft": 64000 }
        },
        "USD": {
          "price": 320,
          "overdraft": 160,
          "asia": { "price": 1600, "overdraft": 800 }
        }
      },
      "optimal": {
        "RUB": {
          "price": 64000,
          "overdraft": 32000,
          "asia": { "price": 192000, "overdraft": 96000 }
        },
        "USD": {
          "price": 480,
          "overdraft": 240,
          "asia": { "price": 2400, "overdraft": 1200 }
        }
      }
    },
    "900": {
      "basic": {
        "RUB": {
          "price": 45000,
          "overdraft": 22500,
          "asia": { "price": 144000, "overdraft": 72000 }
        },
        "USD": {
          "price": 360,
          "overdraft": 180,
          "asia": { "price": 1800, "overdraft": 900 }
        }
      },
      "optimal": {
        "RUB": {
          "price": 72000,
          "overdraft": 36000,
          "asia": { "price": 216000, "overdraft": 108000 }
        },
        "USD": {
          "price": 540,
          "overdraft": 270,
          "asia": { "price": 2700, "overdraft": 1350 }
        }
      }
    },
    "1000": {
      "basic": {
        "RUB": {
          "price": 50000,
          "overdraft": 25000,
          "asia": { "price": 160000, "overdraft": 80000 }
        },
        "USD": {
          "price": 400,
          "overdraft": 200,
          "asia": { "price": 2000, "overdraft": 1000 }
        }
      },
      "optimal": {
        "RUB": {
          "price": 80000,
          "overdraft": 40000,
          "asia": { "price": 240000, "overdraft": 120000 }
        },
        "USD": {
          "price": 600,
          "overdraft": 300,
          "asia": { "price": 3000, "overdraft": 1500 }
        }
      }
    },
    "1100": {
      "basic": {
        "RUB": {
          "price": 55000,
          "overdraft": 27500,
          "asia": { "price": 176000, "overdraft": 88000 }
        },
        "USD": {
          "price": 440,
          "overdraft": 220,
          "asia": { "price": 2200, "overdraft": 1100 }
        }
      },
      "optimal": {
        "RUB": {
          "price": 88000,
          "overdraft": 44000,
          "asia": { "price": 264000, "overdraft": 132000 }
        },
        "USD": {
          "price": 660,
          "overdraft": 330,
          "asia": { "price": 3300, "overdraft": 1650 }
        }
      }
    },
    "1200": {
      "basic": {
        "RUB": {
          "price": 60000,
          "overdraft": 30000,
          "asia": { "price": 192000, "overdraft": 96000 }
        },
        "USD": {
          "price": 480,
          "overdraft": 240,
          "asia": { "price": 2400, "overdraft": 1200 }
        }
      },
      "optimal": {
        "RUB": {
          "price": 96000,
          "overdraft": 48000,
          "asia": { "price": 288000, "overdraft": 144000 }
        },
        "USD": {
          "price": 720,
          "overdraft": 360,
          "asia": { "price": 3600, "overdraft": 1800 }
        }
      }
    },
    "1300": {
      "basic": {
        "RUB": {
          "price": 65000,
          "overdraft": 32500,
          "asia": { "price": 208000, "overdraft": 104000 }
        },
        "USD": {
          "price": 520,
          "overdraft": 260,
          "asia": { "price": 2600, "overdraft": 1300 }
        }
      },
      "optimal": {
        "RUB": {
          "price": 104000,
          "overdraft": 52000,
          "asia": { "price": 312000, "overdraft": 156000 }
        },
        "USD": {
          "price": 780,
          "overdraft": 390,
          "asia": { "price": 3900, "overdraft": 1950 }
        }
      }
    },
    "1400": {
      "basic": {
        "RUB": {
          "price": 70000,
          "overdraft": 35000,
          "asia": { "price": 224000, "overdraft": 112000 }
        },
        "USD": {
          "price": 560,
          "overdraft": 280,
          "asia": { "price": 2800, "overdraft": 1400 }
        }
      },
      "optimal": {
        "RUB": {
          "price": 112000,
          "overdraft": 56000,
          "asia": { "price": 336000, "overdraft": 168000 }
        },
        "USD": {
          "price": 840,
          "overdraft": 420,
          "asia": { "price": 4200, "overdraft": 2100 }
        }
      }
    },
    "1500": {
      "basic": {
        "RUB": {
          "price": 75000,
          "overdraft": 37500,
          "asia": { "price": 240000, "overdraft": 120000 }
        },
        "USD": {
          "price": 600,
          "overdraft": 300,
          "asia": { "price": 3000, "overdraft": 1500 }
        }
      },
      "optimal": {
        "RUB": {
          "price": 120000,
          "overdraft": 60000,
          "asia": { "price": 360000, "overdraft": 180000 }
        },
        "USD": {
          "price": 900,
          "overdraft": 450,
          "asia": { "price": 4500, "overdraft": 2250 }
        }
      }
    },
    "1600": {
      "basic": {
        "RUB": {
          "price": 80000,
          "overdraft": 40000,
          "asia": { "price": 256000, "overdraft": 128000 }
        },
        "USD": {
          "price": 640,
          "overdraft": 320,
          "asia": { "price": 3200, "overdraft": 1600 }
        }
      },
      "optimal": {
        "RUB": {
          "price": 128000,
          "overdraft": 64000,
          "asia": { "price": 384000, "overdraft": 192000 }
        },
        "USD": {
          "price": 960,
          "overdraft": 480,
          "asia": { "price": 4800, "overdraft": 2400 }
        }
      }
    },
    "1700": {
      "basic": {
        "RUB": {
          "price": 85000,
          "overdraft": 42500,
          "asia": { "price": 272000, "overdraft": 136000 }
        },
        "USD": {
          "price": 680,
          "overdraft": 340,
          "asia": { "price": 3400, "overdraft": 1700 }
        }
      },
      "optimal": {
        "RUB": {
          "price": 136000,
          "overdraft": 68000,
          "asia": { "price": 408000, "overdraft": 204000 }
        },
        "USD": {
          "price": 1020,
          "overdraft": 510,
          "asia": { "price": 5100, "overdraft": 2550 }
        }
      }
    },
    "1800": {
      "basic": {
        "RUB": {
          "price": 90000,
          "overdraft": 45000,
          "asia": { "price": 288000, "overdraft": 144000 }
        },
        "USD": {
          "price": 720,
          "overdraft": 360,
          "asia": { "price": 3600, "overdraft": 1800 }
        }
      },
      "optimal": {
        "RUB": {
          "price": 144000,
          "overdraft": 72000,
          "asia": { "price": 432000, "overdraft": 216000 }
        },
        "USD": {
          "price": 1080,
          "overdraft": 540,
          "asia": { "price": 5400, "overdraft": 2700 }
        }
      }
    },
    "1900": {
      "basic": {
        "RUB": {
          "price": 95000,
          "overdraft": 47500,
          "asia": { "price": 304000, "overdraft": 152000 }
        },
        "USD": {
          "price": 760,
          "overdraft": 380,
          "asia": { "price": 3800, "overdraft": 1900 }
        }
      },
      "optimal": {
        "RUB": {
          "price": 152000,
          "overdraft": 76000,
          "asia": { "price": 456000, "overdraft": 228000 }
        },
        "USD": {
          "price": 1140,
          "overdraft": 570,
          "asia": { "price": 5700, "overdraft": 2850 }
        }
      }
    },
    "2000": {
      "basic": {
        "RUB": {
          "price": 100000,
          "overdraft": 50000,
          "asia": { "price": 320000, "overdraft": 160000 }
        },
        "USD": {
          "price": 800,
          "overdraft": 400,
          "asia": { "price": 4000, "overdraft": 2000 }
        }
      },
      "optimal": {
        "RUB": {
          "price": 160000,
          "overdraft": 80000,
          "asia": { "price": 480000, "overdraft": 240000 }
        },
        "USD": {
          "price": 1200,
          "overdraft": 600,
          "asia": { "price": 6000, "overdraft": 3000 }
        }
      }
    }
  }
}
