{ 
  "header": {
    "logo": {
      "src": "logo.svg",
      "alt": "DDOS-GUARD"
    },
    "links": [
      {
        "title": "Technical Details",
        "anchor": "#configurator"
      },
      {
        "title": "Benefits",
        "anchor": "#advantages"
      },
      {
        "title": "Protection Options",
        "anchor": "#protecting"
      },
      {
        "title": "Why DDoS-Guard",
        "anchor": "#ourAdvantages"
      },
      {
        "title": "Client Area",
        "anchor": "#clientarea"
      },
      {
        "title": "Twin Tunnel",
        "anchor": "#twintunnel"
      },
      {
        "title": "FAQ",
        "anchor": "#faq"
      }
    ],
    "phone": {
      "href": "tel:+556135507440",
      "number": "+55 613 550-74-40",
      "img": {
        "src": "icons/header/phone.svg",
        "alt": "header.phone.img.alt"
      }
    },
    "btn": {
      "id": "btn-lp-asia-header",
      "title": "Ask question"
    }
  },
  "banner": {
    "title": "banner.title",
    "subTitle": "banner.subTitle",
    "img": "banner/bannerImg.svg",
    "list": [
      "banner.list.protection", 
      "banner.list.noextra", 
      "banner.list.loading", 
      "banner.list.limit"
    ],
    "btn": {
      "title": "banner.btn.title",
      "id": "btn-lp-retarget-basic-firstscreen",
      "link": "https://my.ddos-guard.net/cabinet/create-proxy-wizard?productId=106&currency=RUB"
    }
  },
  "asiaBanner": {
    "title": "Explore Asia Network DDoS-Protection",
    "details": "Network security in Asia at L3-L7 OSI levels",
    "btn": {
      "title": "Activate",
      "id": "btn-lp-asia-firstscreen",
      "link": "https://my.ddos-guard.net/cabinet/create-proxy-wizard?productId=106&currency=RUB"
    },
    "list": [
      "<p class='title'>3.2+ Tbps</p><p class='details'>scrubbing network capacity</p>",
      "<p class='title'>Tier III</p><p class='details'>data centers</p>",
      "<p class='title'>99.95%+</p><p class='details'>SLA availability</p>" 
      
    ]
  },
  "bisiness": {
    "title": "bisiness.title",
    "problems": [
      {
        "img": "icons/biz/biz1.svg",
        "problemTitle": "bisiness.problems.slow.problemTitle",
        "problemDetails":
          "bisiness.problems.slow.problemDetails",
        "answerTitle": "bisiness.problems.slow.answerTitle",
        "answerDetails":
          "bisiness.problems.slow.answerDetails"
      },
      {
        "img": "icons/biz/biz2.svg",
        "problemTitle": "bisiness.problems.inaccessibility.problemTitle",
        "problemDetails":
          "bisiness.problems.inaccessibility.problemDetails",
        "answerTitle": "bisiness.problems.inaccessibility.answerTitle",
        "answerDetails":
          "bisiness.problems.inaccessibility.answerDetails"
      }
    ]
  },
  "tariff": {
    "title": "tariff.title",
    "details":"tariff.details",
    "tooltipContent": "Оплата в рублях при подтвержденном номере телефона +7 в личном кабинете",
    "plan": [
        {
          "title": "tariff.plan.title",
          "price": "tariff.price",
          "month": "tariff.month",
          "options": [
            "tariff.plan.options.domain",
            "tariff.plan.options.unlimited",
            "tariff.plan.options.block",
            "tariff.plan.options.cdn",
            "tariff.plan.options.ip",
            "tariff.plan.options.cache",
            "tariff.plan.options.guaranteed",
            "tariff.plan.options.ssl",
            "tariff.plan.options.geo"
          ],
          "btn": {
            "title": "tariff.btn.title",
            "id": "btn-lp-retarget-basic-tarif",
            "link": "https://my.ddos-guard.net/cabinet/create-proxy-wizard?productId=106&currency=RUB"
          }
        }
      ]
  },
  "benefits": {
    "title": "Benefits",
    "cards": [
      {
        "img": "asia/benefits/a1.svg",
        "title": "Best Connection Options",
        "details": "Establish a <a href=\"https://ddos-guard.net/en/technologies/tt-and-pni#twin-tunnel\" target='__black' >Twin Tunnel</a> connection, ensuring fast and reliable data transmission"
      },
      {
        "img": "asia/benefits/a2.svg",
        "title": "Low Latency",
        "details": "DDoS-Guard also has a presence on the local Internet exchange and private peering with large local networks"
      },
      {
        "img": "asia/benefits/a3.svg",
        "title": "99.95%+ SLA",
        "details": "We only use trusted providers: our customers will not experience packet loss caused by congested links"
      }
    ],
    "btn": {
      "title": "Learn more about Asia connection option"
    }
  },
  "partners": {
    "title": "partners.title",
    "cards": [
      {
        "img": "partners.cards.parner1.img",
        "alt": "partners.cards.parner1.alt"
      },
      {
        "img": "partners.cards.parner2.img",
        "alt": "partners.cards.parner2.alt"
      },
      {
        "img": "partners.cards.parner3.img",
        "alt": "partners.cards.parner3.alt"
      },
      {
        "img": "partners.cards.parner4.img",
        "alt": "partners.cards.parner4.alt"
      },
      {
        "img": "partners.cards.parner5.img",
        "alt": "partners.cards.parner5.alt"
      },
      {
        "img": "partners.cards.parner6.img",
        "alt": "partners.cards.parner6.alt"
      },
      {
        "img": "partners.cards.parner7.img",
        "alt": "partners.cards.parner7.alt"
      },
      {
        "img": "partners.cards.parner8.img",
        "alt": "partners.cards.parner8.alt"
      },
      {
        "img": "partners.cards.parner9.img",
        "alt": "partners.cards.parner9.alt"
      },
      {
        "img": "partners.cards.parner10.img",
        "alt": "partners.cards.parner10.alt"
      },
      {
        "img": "partners.cards.parner11.img",
        "alt": "partners.cards.parner11.alt"
      },
      {
        "img": "partners.cards.parner12.img",
        "alt": "partners.cards.parner12.alt"
      },
      {
        "img": "partners.cards.parner13.img",
        "alt": "partners.cards.parner13.alt",
        "hide": "en"
      },
      {
        "img": "partners.cards.parner14.img",
        "alt": "partners.cards.parner14.alt",
        "hide": "en"
      },
      {
        "img": "partners.cards.parner15.img",
        "alt": "partners.cards.parner15.alt",
        "hide": "en"
      }
    ]
  },
  "experts": {
    "title": "Enterprise Level Protection",
    "details": "Custom-designed solutions to meet your business needs",
    "img": "asia/experts/notepad.png",
    "btn": {
      "title": "Submit request",
      "id": "btn-lp-asia-popup-enterprise"
    }
  },
  "reviews": {
    "title": "reviews.title",
    "subtitle": "review.subtitle",
    "slides": [
      {
        "img": "reviews/p1.svg",
        "alt": "review.slides.slide1.alt",
        "text": "review.slides.slide1.text",
        "name": "review.slides.slide1.name",
        "prof": "review.slides.slide1.prof"
      },
      {
        "img": "reviews/p2.svg",
        "alt": "review.slides.slide2.alt",
        "text": "review.slides.slide2.text",
        "name": "review.slides.slide2.name",
        "prof": "review.slides.slide2.prof"
      },
      {
        "img": "reviews/p3.svg",
        "alt": "review.slides.slide3.alt",
        "text": "review.slides.slide3.text",
        "name": "review.slides.slide3.name"
      }
    ]
  },
  "protect": {
    "title": "protect.title",
    "subtitle": "protect.subtitle",
    "btn": {
      "title": "protect.btn.title",
      "id": "btn-lp-retarget-basic-lastscreen",
      "link": "https://my.ddos-guard.net/cabinet/create-proxy-wizard?productId=106&currency=RUB"
    }
  },
  "footer": {
    "infos": [
      {
        "title": "info@iqweb.io",
        "link": "mailto:info@iqweb.io",
        "img": "footer/mail.svg",
        "alt": "footer.infos.email.alt"
      },
      {
        "title": "+55 613 550-74-40",
        "link": "tel:+556135507440",
        "img": "footer/tel.svg",
        "alt": "footer.infos.phone.alt"
      }
    ],
    "politics": [
      {
        "title": "Acceptable Use Policy",
        "link": "https://ddos-guard.net/file/PP_en.pdf",
        "target": "_blank",
        "rel": "noopener noreferrer"
      },
      {
        "title": "Service Level Agreement",
        "link": "https://ddos-guard.net/file/sladdg_en.pdf",
        "target": "_blank",
        "rel": "noopener noreferrer"
      }
    ]
  },
  "modal": {
    "title": "Have Any Questions?",
    "details": "Fill in the form and we'll contact you shortly"
  },
  "feedBackForm": {
    "id": "modal-feedback-form-basic",
    "name": "modal-feedback-form-basic",
    "inputs": {
      "nameInput": {
        "labelName": "Name",
        "id": "lp-retarget-support-form-name",
        "type": "text",
        "name": "name"
      },
      "emailInput": {
        "labelName": "Email",
        "id": "lp-retarget-support-form-email",
        "type": "email",
        "name": "email"
      },
      "phoneInput": {
        "labelName": "Phone",
        "id": "lp-retarget-support-form-phone",
        "type": "tel",
        "name": "phone_string",
        "vmask": "form.phoneInput.vmask",
        "placeholder": "form.phoneInput.placeholder"
      },
      "textarea": {
        "labelName": "Comments",
        "id": "lp-retarget-support-form-message",
        "name": "comment"
      },
      "checkbox": {
        "id": "feedback-form-privacy-checkbox",
        "label": "I accept the terms and give my consent to the <a href='https://ddos-guard.net/file/PP_en.pdf' target='_blank'>Privacy Policy</a>"
      }
    },
    "required": {
      "details": "Required field"
    },
    "btn": {
      "title": "Send",
      "id": "btn-lp-retarget-support-basic-appform"
    }
  },
  "modalReport": {
    "default": {
      "imgSrc": "ok.svg",
      "title": "Form sent",
      "details": "We have accepted your application and will contact you shortly"
    },
    "error": {
      "imgSrc": "alert.svg",
      "imgAlt": "Error",
      "title": "Error",
      "details": "In the process of reporting possible errors. Please try submitting your application again.",
      "btnTitle": "Resend"
    }
  },
  "ecommerceData": {
    "id": "51",
    "name": "NETWORK PROTECTION",
    "price": "8000"
  },
  "faq": {
    "title": "FAQ",
    "list": [
      {
        "title": "How to activate Network Protection?",
        "details": 
        "<ul><li>1. <a href='#configurator'>Select the desired plan</a> and click Activate.</li><li>2. Log in or sign up.</li><li>3. Select the parameters, make a payment, and run the autoconfigure tool in the wizard setup.</li><li>4. Your network is protected.</li><br><li><a target='_blank' href='https://ddos-guard.net/en/tutorials/network-protection/service-activation'>How to activate Network DDoS Protection</a></li></ul>"
      },
      {
        "title": "How does Network Protection work?",
        "details": "You announce your autonomous system prefixes, and we accept them, scrub all traffic and deliver only the legitimate. The DDoS‑Guard scrubbing system works in Always-On mode, allowing you to effectively block all known types of attacks from the first malicious packet or traffic flow."
      },
      {
        "title": "What are the ways of delivering traffic to the user?",
        "details": "You can choose the ways to deliver your traffic by DDoS‑Guard: through physical and logical channels, GRE or IPIP tunneling, and Twin Tunnel."
      },
      {
        "title": "Which scrubbing schemes is better: symmetric or asymmetric?",
        "details": "The symmetric scrubbing scheme requires routing of your inbound bandwidth through the DDoS‑Guard network, as well as all outbound bandwidth of the protected prefixes. Outbound bandwidth analysis gives the scrubbing system more input data, thereby allowing you to make the most accurate decisions. <br><br>Asymmetric scrubbing scheme doesn't require routing of outbound bandwidth of protected networks.<br><br>With both symmetric and asymmetric schemes, only inbound bandwidth is affected. We recommend using the symmetric scheme: it is more effective by providing additional analysis of outbound traffic. <br><br><a target='_blank' href='https://ddos-guard.net/en/technologies/scrubbing-schemes'>Learn more about DDoS-Guard scrubbing schemes</a>"
      },
      {
        "title": "What do you mean by calculating traffic based on the 95th percentile?",
        "details":
        "<a target='_blank' href='https://ddos-guard.net/en/tutorials/network-protection/always-on-protection'>Learn more about Always-On Protection and 95th percentile calculation</a>"
      },
      {
        "title": "Will I pay extra if I suffer a major attack?",
        "details":
        "No, you won't pay extra for mitigated malicious traffic."
      }
    ]
  },
  "personal": {
    "title": "User-Friendly Client Area",
    "list": [
      {
        "title": "24/7 Support",
        "details": "Contact DDoS-Guard technical support at any time to find the right solution for your project",
        "img": {
          "src": "asia/personal/p1.png"
        }
      },
      {
        "title": "Flexible Protection Features",
        "details": "Upgrade your protection level to expand your bandwidth, access extra rules and advanced statistics whenever you need",
        "img": {
          "src": "asia/personal/p2.png"
        }
      },
      {
        "title": "Detailed Attack Reports",
        "details": "Learn which protocols were involved, the origins of malicious packets, and more",
        "img": {
          "src": "asia/personal/p3.png"
        }
      },
      {
        "title": "Instant Attack Alerts",
        "details": "Configure attack alerts and receive them via Email, Telegram, or Webhook",
        "img": {
          "src": "asia/personal/p4.png"
        }
      },
      {
        "title": "Traffic Overview",
        "details": "Get information about inbound and outbound traffic in a convenient Client Area",
        "img": {
          "src": "asia/personal/p5.png"
        }
      }
    ]
  },
  "whyDdos": {
    "title": "Why DDoS-Guard",
    "details": "DDoS-Guard is one of the leading service providers on the global DDoS protection and content delivery markets since 2011",
    "cards": [
      {
        "title": "No hidden charges for mitigated attacks"
      },
      {
        "title": "Quick site loading and optimization via CDN"
      },
      {
        "title": "Analytics and reporting in the Client Area"
      },
      {
        "title": "Protection against DDoS attacks at L3-L7 OSI levels"
      },
      {
        "title": "Proprietary global scrubbing network"
      },
      {
        "title": "Tier III data centers around the world"
      }
    ]
  },
  "lastScreen": {
    "title": "Secure your network today",
    "details": 
    "Activate the Network Protection service against DDoS attacks",
    "btn": {
      "title": "Activate",
      "id": "btn-lastscreen-cdn"
    }
  },
  "table": {
    "cards": [
      {
        "title": "Attacks aimed at overloading the bandwidth capacity (L3)",
        "list": [
          "DNS Amplification", "DNS Flood", "ICMP Flood", "NTP Flood", "Ping Flood", "UDP Flood", "VoIP Flood"
        ]
      },
      {
        "title": "Attacks that exploit the network protocol stack vulnerabilities (L4)",
        "list": [
          "ACK & PUSH ACK Flood", "SYN-ACK Flood", "SYN Flood", "Multiple SYN-ACK Fake Session Attack", "Misused Application Attack", "Fake Session Attack", "Multiple ACK Fake Session Attack"
        ]
      },
      {
        "title": "Application level attacks (L7)",
        "list": [
          "HTTP Flood, Excessive VERB", "Single Request HTTP Flood, Multiple VERB Single Request", "Single Session HTTP Flood, Excessive VERB Single Session", "Fragmented HTTP Flood, HTTP Fragmentation", "Session Attack, Slowloris", "7Recursive HTTP GET Flood", "Faulty Application Attack" 
        ]
      }
    ]
  },
  "twinTunnel": {
    "slides": [
      {
        "title": "Twin Tunnel",
        "description": "Geographically distributed tunnel connection redundancy",
        "detailsTitle": "How Tunneling Used to Work",
        "detailsText": "So far, tunnels have been linked to a service node in a particular location. It took a while to create new tunnels and change their parameters.",
        "img": "t1.svg"
      },
      {
        "title": "Twin Tunnel",
        "description": "Geographically distributed tunnel connection redundancy",
        "detailsTitle": "Tunneling Today",
        "detailsText": "The Twin Tunnel technology works like a full mesh network: a secure tunnel connection is set up at the user’s assets, while creating multiple logical connections within the protected IP address.",
        "img": "t2.svg"
      },
      {
        "title": "Twin Tunnel",
        "description": "Geographically distributed tunnel connection redundancy",
        "detailsTitle": "Network Route Optimization",
        "detailsText": "No matter which part of the world the user connects from, all IP packets come to the nearest node of the DDoS-Guard network and the packet is returned from the same node it was received by the anycast routing principle.",
        "img": "t3.svg"
      },
      {
        "title": "Twin Tunnel",
        "description": "Geographically distributed tunnel connection redundancy",
        "detailsTitle": "High Availability",
        "detailsText": "If a network failure occurs, the connection is switched to the next closest node seamlessly while preserving the current session.",
        "img": "t4.svg"
      },
      {
        "title": "Twin Tunnel",
        "description": "Geographically distributed tunnel connection redundancy",
        "detailsTitle": "",
        "detailsText": "Activate network protection with Twin Tunnel and discover fast setup, efficient route optimization and high fault tolerance.",
        "button": "Activate",
        "img": "t5.svg"
      }
    ]
  },
  "protectionLevel": [
    {
      "level": "Basic",
      "value": "basic",
      "additional": "L3-4",
      "list": [
        "Protection against all types of DDoS attacks at L3-L4 OSI",
        "Protection of an unlimited number of prefixes",
        "Detailed statistics and incident alerts in the Client Area",
        "Redundancy and balancing via BGP",
        "5 Twin Tunnel Firewall rules are available"
      ]
    },
    {
      "level": "Optimal",
      "value": "optimal",
      "additional": "L3-7",
      "color": "green",
      "list": [
        "Protection against all known types of DDoS attacks at L3-L7 OSI",
        "PAdvanced statistics on L3-L7 activity",
        "Unlimited Let's Encrypt SSL certificates",
        "Unlimited number of protected domains without A records change",
        "10 Twin Tunnel Firewall rules are available"
      ]
    }
  ],
  "protectionModelJson": [
    {
      "model": "Always-On",
      "valueModel": "origin",
      "checked": true,
      "tooltip": "Best for customers looking to protect their network only during certain periods like sales or holidays. <a target='_blank' href='https://ddos-guard.net/en/tutorials/network-protection/on-demand-protection'>Learn more</a>"
    },
    {
      "model": "On-Demand",
      "valueModel": "onDemand",
      "tooltip": "Best for customers looking for the benefits of regular corporate network protection. <a target='_blank' href='https://ddos-guard.net/en/tutorials/network-protection/always-on-protection'>Learn more</a>"
    }
  ],
  "compareModelJson": [
    {
      "model": "Always-On",
      "valueModel": "always",
      "checked": true
    },
    {
      "model": "On-Demand",
      "valueModel": "demand"
    }
  ],
  "cookies": {
    "text": "We use cookies for the best possible experience of our website. <a target='_blank' rel='nofollow' href='https://ddos-guard.net/file/cookie_en.pdf'>Details</a>",
    "button": "Accept"
  }
}
