{
  "tabs": [
    {
      "title": "Security",
      "columns": [
        {
          "columnsName": "Protection against DDoS attacks in automatic mode up to 3.2 Tbps and 750 Mpps",
          "columnsToolType": "DDoS-Guard automatically mitigates 3.2+ Tbps / 750+ Mpps of malicious traffic targeting at your assets.",
          "basicImage": "asia/icons/ok.svg",
          "optimalImage": "asia/icons/ok.svg",
          "hide": true
        },
        {
          "columnsName": "Instant attack mitigation",
          "columnsToolType": "<span>Malicious traffic is blocked as soon as it reaches DDoS‑Guard. <a target='_blank' href='https://ddos-guard.net/en/tutorials/network-protection/how-it-works'>Learn more</a></span>",
          "basicImage": "asia/icons/ok.svg",
          "optimalImage": "asia/icons/ok.svg",
          "hide": true
        },
        {
          "columnsName": "No prior learning",
          "columnsToolType": "DDoS-Guard automatically scrubs all traffic profiles",
          "basicImage": "asia/icons/ok.svg",
          "optimalImage": "asia/icons/ok.svg",
          "hide": true
        },
        {
          "columnsName": "Mitigating any duration DDoS attacks",
          "columnsToolType": "Attack duration won't affect your monthly fee. You only pay for legitimate bandwidth",
          "basicImage": "asia/icons/ok.svg",
          "optimalImage": "asia/icons/ok.svg",
          "hide": true
        },
        {
          "columnsName": "Unlimited prefixes number",
          "columnsToolType": "<span>DDoS-Guard doesn't limit the number of prefixes advertised from your <a target='_blank' href='https://ddos-guard.net/en/terminology/common/origin-as'>origin autonomous system</a>. Note that the maximum number of prefixes you can advertise may be prefix-limited by DDoS‑Guard's upstreams</span>",
          "basicImage": "asia/icons/ok.svg",
          "optimalImage": "asia/icons/ok.svg",
          "hide": true
        },
        {
          "columnsName": "Uptime SLA",
          "columnsToolType": "We provide a high level of availability via the global distribution of DDoS-Guard scrubbing nodes and redundancy technologies",
          "basicText": "99.95%",
          "optimalText": "99.95%",
          "hide": true
        },
        {
          "columnsName": "Protection at L3-L4 OSI",
          "columnsToolType": "Protection against all types of DDoS attacks up to and including the transport layer",
          "basicImage": "asia/icons/ok.svg",
          "optimalImage": "asia/icons/ok.svg",
          "hide": true
        },
        {
          "columnsName": "Protection at L7 OSI",
          "columnsToolType": "Protection against all types of DDoS attacks, including application level's HTTPS and DNS",
          "basicImage": "asia/icons/no.svg",
          "optimalImage": "asia/icons/ok.svg",
          "hide": false
        },
        {
          "columnsName": "Unlimited websites number",
          "columnsToolType": "DDoS-Guard protects an unlimited number of websites hosted on advertised prefixes",
          "basicImage": "asia/icons/no.svg",
          "optimalImage": "asia/icons/ok.svg",
          "hide": false
        }
      ]  
    },
    {
      "title": "Scrubbing scheme",
      "hide": true,
      "columns": [
        {
          "columnsName": "Symmetric",
          "columnsToolType": "<span>The symmetric scrubbing scheme requires routing of your inbound bandwidth through the DDoS‑Guard network, as well as all outbound bandwidth of the protected prefixes. <a target='_blank' href='https://ddos-guard.net/en/technologies/scrubbing-schemes#symmetric-scrubbing-scheme'>Learn more about symmetric scheme</a></span>",
          "basicImage": "asia/icons/ok.svg",
          "optimalImage": "asia/icons/ok.svg",
          "hide": true
        },
        {
          "columnsName": "Asymmetric",
          "columnsToolType": "<span>Asymmetric scrubbing scheme doesn't require you to route outbound bandwidth of protected networks via DDoS‑Guard. <a target='_blank' href='https://ddos-guard.net/en/technologies/scrubbing-schemes#asymmetric-scrubbing-scheme'>Learn more about asymmetric scheme</a></span>",
          "basicImage": "asia/icons/ok.svg",
          "optimalImage": "asia/icons/ok.svg",
          "hide": true
        }
      ]  
    },
    {
      "title": "Analytics",
      "columns": [
        {
          "columnsName": "Statistics at L3-L4 OSI",
          "columnsToolType": "An analytics dashboard on threats at L3-4 OSI",
          "basicImage": "asia/icons/ok.svg",
          "optimalImage": "asia/icons/ok.svg",
          "hide": true
        },
        {
          "columnsName": "DDoS attack reports at L3-L4 OSI",
          "columnsToolType": "Compiled and ready-to-print reports for every DDoS attack at L3-L4 OSI. You can also generate a custom period summary reports for the attack target",
          "basicImage": "asia/icons/ok.svg",
          "optimalImage": "asia/icons/ok.svg",
          "hide": true
        },
        {
          "columnsName": "Bandwidth monitoring chart",
          "columnsToolType": "Bandwidth monitoring chart in the Client Area with displayed overages count based on 95th Burstable Billing",
          "basicImage": "asia/icons/ok.svg",
          "optimalImage": "asia/icons/ok.svg",
          "hide": true
        },
        {
          "columnsName": "HTTP(S) threats module",
          "columnsToolType": "HTTP(S) threat analytics module for each application-level protected website and IP address",
          "basicImage": "asia/icons/no.svg",
          "optimalImage": "asia/icons/ok.svg",
          "hide": false
        },
        {
          "columnsName": "HTTPS attacks and threat reports",
          "columnsToolType": "Detailed reports for each DDoS attack at the application level with unlimited storage",
          "basicImage": "asia/icons/no.svg",
          "optimalImage": "asia/icons/ok.svg",
          "hide": false
        },
        {
          "columnsName": "Web activity analytics",
          "columnsToolType": "DDoS-Guard provides with the number and types of requests, web server response codes, a heatmap of requests, top cities and countries of visitors, and other analytical information for each protected website and IP address",
          "basicImage": "asia/icons/no.svg",
          "optimalImage": "asia/icons/ok.svg",
          "hide": false
        }
      ]  
    },
    {
      "title": "DDoS attack alerts",
      "columns": [
        {
          "columnsName": "Email",
          "columnsToolType": "Get email alerts on every DDoS attack promptly",
          "basicImage": "asia/icons/ok.svg",
          "optimalImage": "asia/icons/ok.svg",
          "hide": true
        },
        {
          "columnsName": "Webhook",
          "columnsToolType": "Get attack alerts for your protected assets in JSON",
          "basicImage": "asia/icons/ok.svg",
          "optimalImage": "asia/icons/ok.svg",
          "hide": true
        },
        {
          "columnsName": "Telegram Bot",
          "columnsToolType": "Get instant alerts and reports about attacks directly in Telegram.",
          "basicImage": "asia/icons/no.svg",
          "optimalImage": "asia/icons/ok.svg",
          "hide": false
        }
      ]  
    },
    {
      "title": "Acceleration and usability",
      "columns": [
        {
          "columnsName": "No A records change required",
          "columnsToolType": "Enabling HTTP(S) protection in the Client Area or API without DNS records editing for each protected website",
          "basicImage": "asia/icons/no.svg",
          "optimalImage": "asia/icons/ok.svg",
          "hide": false
        },
        {
          "columnsName": "Worldwide content delivery (CDN)",
          "columnsToolType": "Our geo-distributed data centers provide regular access to your users with high performance and no delays",
          "basicImage": "asia/icons/no.svg",
          "optimalImage": "asia/icons/ok.svg",
          "hide": false
        },
        {
          "columnsName": "Static content caching",
          "columnsToolType": "DDoS‑Guard serves multiple static content types directly from our global data processing centers to optimize the load.",
          "basicImage": "asia/icons/no.svg",
          "optimalImage": "asia/icons/ok.svg",
          "hide": false
        },
        {
          "columnsName": "Reduced bandwidth costs",
          "columnsToolType": "DDoS-Guard doesn't charge for cached content, reducing your fees by minimizing bandwidth usage",
          "basicImage": "asia/icons/no.svg",
          "optimalImage": "asia/icons/ok.svg",
          "hide": false
        },
        {
          "columnsName": "Content compression",
          "columnsToolType": "DDoS-Guard accelerates downloading with modern Gzip and Brotli compression algorithms",
          "basicImage": "asia/icons/no.svg",
          "optimalImage": "asia/icons/ok.svg",
          "hide": false
        },
        {
          "columnsName": "Free SSL certificates",
          "columnsToolType": "Unlimited Let's Encrypt certificates issued automatically for your domains and subdomains",
          "basicImage": "asia/icons/no.svg",
          "optimalImage": "asia/icons/ok.svg",
          "hide": false
        }
      ]  
    },
    {
      "title": "24-7 support",
      "columns": [
        {
          "columnsName": "Priority line",
          "columnsToolType": "DDoS-Guard handles all incoming customer requests and escalates them to particular departments and managers if required",
          "basicImage": "asia/icons/ok.svg",
          "optimalImage": "asia/icons/ok.svg",
          "hide": true
        },
        {
          "columnsName": "Network Operations Center (NOC)",
          "columnsToolType": "DDoS‑Guard pays great attention to its own and customer network uptime as a provider of crucial telecom services",
          "basicImage": "asia/icons/ok.svg",
          "optimalImage": "asia/icons/ok.svg",
          "hide": true
        },
        {
          "columnsName": "HTTP(S) activity",
          "columnsToolType": "A team of experts processing all customer requests related to the web cluster",
          "basicImage": "asia/icons/no.svg",
          "optimalImage": "asia/icons/ok.svg",
          "hide": false
        }
      ]  
    },
    {
      "title": "Twin Tunnel Firewall",
      "columns": [
        {
          "columnsName": "Firewall rules",
          "columnsToolType": "<span>Limit the traffic that has already passed through the DDoS‑Guard protection system the way you prefer. <a target='_blank' href='https://ddos-guard.net/en/tutorials/network-protection/firewall-rules'>Configuring rules tutorial</a></span>",
          "basicText": "5",
          "optimalText": "10",
          "hide": false
        }
      ]  
    },
    {
      "title": "Additional options",
      "columns": [
        {
          "columnsName": "Direct Connect",
          "columnsToolType": "Wired interconnect (Cross Connect, L2, vLink, Metro) directly to DDoS‑Guard equipment. The connection specifications set the final price",
          "basicImage": "asia/icons/ok.svg",
          "optimalImage": "asia/icons/ok.svg",
          "hide": true
        },
        {
          "columnsName": "Available overages",
          "columnsToolType": "<span>The ratio of the maximum available overages to the clean committed traffic bandwidth. DDoS-Guard calculates these overages <a target='_blank' href='https://ddos-guard.net/en/tutorials/network-protection/always-on-protection'>based on the 95th percentile</a>.</span>",
          "basicText": "1:5",
          "optimalText": "1:5",
          "hide": true
        }
      ]  
    }
  ]
}
